{"tilemap": {"2;9": {"type": "grass", "variant": 0, "pos": [2, 9]}, "3;9": {"type": "grass", "variant": 1, "pos": [3, 9]}, "4;9": {"type": "grass", "variant": 1, "pos": [4, 9]}, "5;9": {"type": "grass", "variant": 1, "pos": [5, 9]}, "6;9": {"type": "grass", "variant": 1, "pos": [6, 9]}, "7;9": {"type": "grass", "variant": 1, "pos": [7, 9]}, "8;9": {"type": "grass", "variant": 1, "pos": [8, 9]}, "9;9": {"type": "grass", "variant": 1, "pos": [9, 9]}, "10;9": {"type": "grass", "variant": 1, "pos": [10, 9]}, "11;9": {"type": "grass", "variant": 1, "pos": [11, 9]}, "12;9": {"type": "grass", "variant": 1, "pos": [12, 9]}, "13;9": {"type": "grass", "variant": 1, "pos": [13, 9]}, "14;9": {"type": "grass", "variant": 1, "pos": [14, 9]}, "15;9": {"type": "grass", "variant": 1, "pos": [15, 9]}, "16;9": {"type": "grass", "variant": 4, "pos": [16, 9]}, "17;9": {"type": "grass", "variant": 5, "pos": [17, 9]}, "17;10": {"type": "grass", "variant": 5, "pos": [17, 10]}, "16;10": {"type": "grass", "variant": 4, "pos": [16, 10]}, "15;10": {"type": "grass", "variant": 4, "pos": [15, 10]}, "14;10": {"type": "grass", "variant": 4, "pos": [14, 10]}, "13;10": {"type": "grass", "variant": 4, "pos": [13, 10]}, "12;10": {"type": "grass", "variant": 4, "pos": [12, 10]}, "11;10": {"type": "grass", "variant": 4, "pos": [11, 10]}, "10;10": {"type": "grass", "variant": 4, "pos": [10, 10]}, "9;10": {"type": "grass", "variant": 4, "pos": [9, 10]}, "8;10": {"type": "grass", "variant": 4, "pos": [8, 10]}, "7;10": {"type": "grass", "variant": 4, "pos": [7, 10]}, "6;10": {"type": "grass", "variant": 4, "pos": [6, 10]}, "5;10": {"type": "grass", "variant": 4, "pos": [5, 10]}, "4;10": {"type": "grass", "variant": 4, "pos": [4, 10]}, "3;10": {"type": "grass", "variant": 4, "pos": [3, 10]}, "2;10": {"type": "grass", "variant": 3, "pos": [2, 10]}, "2;11": {"type": "grass", "variant": 6, "pos": [2, 11]}, "3;11": {"type": "grass", "variant": 7, "pos": [3, 11]}, "4;11": {"type": "grass", "variant": 7, "pos": [4, 11]}, "5;11": {"type": "grass", "variant": 4, "pos": [5, 11]}, "6;11": {"type": "grass", "variant": 4, "pos": [6, 11]}, "7;11": {"type": "grass", "variant": 4, "pos": [7, 11]}, "8;11": {"type": "grass", "variant": 4, "pos": [8, 11]}, "9;11": {"type": "grass", "variant": 4, "pos": [9, 11]}, "10;11": {"type": "grass", "variant": 4, "pos": [10, 11]}, "11;11": {"type": "grass", "variant": 4, "pos": [11, 11]}, "12;11": {"type": "grass", "variant": 4, "pos": [12, 11]}, "13;11": {"type": "grass", "variant": 4, "pos": [13, 11]}, "14;11": {"type": "grass", "variant": 7, "pos": [14, 11]}, "15;11": {"type": "grass", "variant": 7, "pos": [15, 11]}, "16;11": {"type": "grass", "variant": 7, "pos": [16, 11]}, "17;11": {"type": "grass", "variant": 8, "pos": [17, 11]}, "13;12": {"type": "grass", "variant": 8, "pos": [13, 12]}, "12;12": {"type": "grass", "variant": 7, "pos": [12, 12]}, "11;12": {"type": "grass", "variant": 7, "pos": [11, 12]}, "10;12": {"type": "grass", "variant": 7, "pos": [10, 12]}, "9;12": {"type": "grass", "variant": 7, "pos": [9, 12]}, "8;12": {"type": "grass", "variant": 7, "pos": [8, 12]}, "7;12": {"type": "grass", "variant": 7, "pos": [7, 12]}, "6;12": {"type": "grass", "variant": 7, "pos": [6, 12]}, "5;12": {"type": "grass", "variant": 6, "pos": [5, 12]}, "17;8": {"type": "grass", "variant": 5, "pos": [17, 8]}, "17;7": {"type": "grass", "variant": 5, "pos": [17, 7]}, "17;6": {"type": "grass", "variant": 5, "pos": [17, 6]}, "17;5": {"type": "grass", "variant": 5, "pos": [17, 5]}, "17;4": {"type": "grass", "variant": 5, "pos": [17, 4]}, "17;3": {"type": "grass", "variant": 5, "pos": [17, 3]}, "17;2": {"type": "grass", "variant": 5, "pos": [17, 2]}, "17;1": {"type": "grass", "variant": 5, "pos": [17, 1]}, "16;1": {"type": "grass", "variant": 3, "pos": [16, 1]}, "16;2": {"type": "grass", "variant": 3, "pos": [16, 2]}, "16;3": {"type": "grass", "variant": 3, "pos": [16, 3]}, "16;4": {"type": "grass", "variant": 3, "pos": [16, 4]}, "16;5": {"type": "grass", "variant": 3, "pos": [16, 5]}, "16;6": {"type": "grass", "variant": 3, "pos": [16, 6]}, "16;7": {"type": "grass", "variant": 3, "pos": [16, 7]}, "16;8": {"type": "grass", "variant": 3, "pos": [16, 8]}, "10;4": {"type": "grass", "variant": 7, "pos": [10, 4]}, "10;3": {"type": "grass", "variant": 4, "pos": [10, 3]}, "10;2": {"type": "grass", "variant": 4, "pos": [10, 2]}, "10;1": {"type": "grass", "variant": 4, "pos": [10, 1]}, "10;0": {"type": "grass", "variant": 4, "pos": [10, 0]}, "9;0": {"type": "grass", "variant": 3, "pos": [9, 0]}, "9;1": {"type": "grass", "variant": 3, "pos": [9, 1]}, "9;2": {"type": "grass", "variant": 3, "pos": [9, 2]}, "9;3": {"type": "grass", "variant": 3, "pos": [9, 3]}, "9;4": {"type": "grass", "variant": 6, "pos": [9, 4]}, "16;0": {"type": "grass", "variant": 3, "pos": [16, 0]}, "16;-1": {"type": "grass", "variant": 3, "pos": [16, -1]}, "16;-2": {"type": "grass", "variant": 3, "pos": [16, -2]}, "16;-3": {"type": "grass", "variant": 3, "pos": [16, -3]}, "16;-4": {"type": "grass", "variant": 3, "pos": [16, -4]}, "16;-5": {"type": "grass", "variant": 3, "pos": [16, -5]}, "16;-6": {"type": "grass", "variant": 3, "pos": [16, -6]}, "16;-7": {"type": "grass", "variant": 3, "pos": [16, -7]}, "16;-8": {"type": "grass", "variant": 3, "pos": [16, -8]}, "17;-8": {"type": "grass", "variant": 5, "pos": [17, -8]}, "17;-7": {"type": "grass", "variant": 5, "pos": [17, -7]}, "17;-6": {"type": "grass", "variant": 5, "pos": [17, -6]}, "17;-5": {"type": "grass", "variant": 5, "pos": [17, -5]}, "17;-4": {"type": "grass", "variant": 5, "pos": [17, -4]}, "17;-3": {"type": "grass", "variant": 5, "pos": [17, -3]}, "17;-2": {"type": "grass", "variant": 5, "pos": [17, -2]}, "17;-1": {"type": "grass", "variant": 5, "pos": [17, -1]}, "17;0": {"type": "grass", "variant": 5, "pos": [17, 0]}, "10;-1": {"type": "grass", "variant": 4, "pos": [10, -1]}, "10;-2": {"type": "grass", "variant": 4, "pos": [10, -2]}, "10;-3": {"type": "grass", "variant": 4, "pos": [10, -3]}, "10;-4": {"type": "grass", "variant": 4, "pos": [10, -4]}, "10;-5": {"type": "grass", "variant": 4, "pos": [10, -5]}, "10;-6": {"type": "grass", "variant": 4, "pos": [10, -6]}, "10;-7": {"type": "grass", "variant": 4, "pos": [10, -7]}, "10;-8": {"type": "grass", "variant": 4, "pos": [10, -8]}, "10;-9": {"type": "grass", "variant": 4, "pos": [10, -9]}, "10;-10": {"type": "grass", "variant": 4, "pos": [10, -10]}, "10;-11": {"type": "grass", "variant": 4, "pos": [10, -11]}, "10;-12": {"type": "grass", "variant": 1, "pos": [10, -12]}, "9;-12": {"type": "grass", "variant": 0, "pos": [9, -12]}, "9;-11": {"type": "grass", "variant": 3, "pos": [9, -11]}, "9;-10": {"type": "grass", "variant": 3, "pos": [9, -10]}, "9;-9": {"type": "grass", "variant": 3, "pos": [9, -9]}, "9;-8": {"type": "grass", "variant": 3, "pos": [9, -8]}, "9;-7": {"type": "grass", "variant": 3, "pos": [9, -7]}, "9;-6": {"type": "grass", "variant": 3, "pos": [9, -6]}, "9;-5": {"type": "grass", "variant": 3, "pos": [9, -5]}, "9;-4": {"type": "grass", "variant": 3, "pos": [9, -4]}, "9;-3": {"type": "grass", "variant": 3, "pos": [9, -3]}, "9;-2": {"type": "grass", "variant": 3, "pos": [9, -2]}, "9;-1": {"type": "grass", "variant": 3, "pos": [9, -1]}, "16;-9": {"type": "grass", "variant": 3, "pos": [16, -9]}, "16;-10": {"type": "grass", "variant": 3, "pos": [16, -10]}, "16;-11": {"type": "grass", "variant": 3, "pos": [16, -11]}, "16;-12": {"type": "grass", "variant": 0, "pos": [16, -12]}, "17;-12": {"type": "grass", "variant": 2, "pos": [17, -12]}, "17;-11": {"type": "grass", "variant": 5, "pos": [17, -11]}, "17;-10": {"type": "grass", "variant": 5, "pos": [17, -10]}, "17;-9": {"type": "grass", "variant": 5, "pos": [17, -9]}, "11;4": {"type": "grass", "variant": 8, "pos": [11, 4]}, "11;3": {"type": "grass", "variant": 5, "pos": [11, 3]}, "11;2": {"type": "grass", "variant": 5, "pos": [11, 2]}, "11;1": {"type": "grass", "variant": 5, "pos": [11, 1]}, "11;0": {"type": "grass", "variant": 5, "pos": [11, 0]}, "11;-1": {"type": "grass", "variant": 5, "pos": [11, -1]}, "11;-2": {"type": "grass", "variant": 5, "pos": [11, -2]}, "11;-3": {"type": "grass", "variant": 5, "pos": [11, -3]}, "11;-4": {"type": "grass", "variant": 5, "pos": [11, -4]}, "11;-5": {"type": "grass", "variant": 5, "pos": [11, -5]}, "11;-6": {"type": "grass", "variant": 5, "pos": [11, -6]}, "11;-7": {"type": "grass", "variant": 5, "pos": [11, -7]}, "11;-8": {"type": "grass", "variant": 5, "pos": [11, -8]}, "11;-9": {"type": "grass", "variant": 5, "pos": [11, -9]}, "11;-10": {"type": "grass", "variant": 5, "pos": [11, -10]}, "11;-11": {"type": "grass", "variant": 5, "pos": [11, -11]}, "11;-12": {"type": "grass", "variant": 2, "pos": [11, -12]}}, "tile_size": 16, "offgrid": [{"type": "spawners", "variant": 1, "pos": [199.5, 38.5]}, {"type": "spawners", "variant": 1, "pos": [230.5, 7.5]}, {"type": "spawners", "variant": 1, "pos": [234.0, 40.0]}, {"type": "spawners", "variant": 1, "pos": [236.0, 83.0]}, {"type": "spawners", "variant": 1, "pos": [200.5, 88.0]}, {"type": "spawners", "variant": 0, "pos": [56.0, 112.5]}]}